{"cameraMode":{"drawMode":0,"name":"Shaded","section":"Shading Mode"},"sceneLighting":false,"audioPlay":false,"sceneViewState":{"showFog":false,"showMaterialUpdate":false,"showSkybox":false,"showFlares":false,"showImageEffects":false,"showParticleSystems":false},"in2DMode":false,"pivot":{"x":8.844839096069336,"y":-7.773836135864258,"z":-7.709378719329834},"rotation":{"x":0.16509424149990083,"y":0.8262626528739929,"z":-0.31182318925857546,"w":0.439520001411438},"size":28.01194190979004,"orthographic":false}