{"cameraMode":{"drawMode":0,"name":"Shaded","section":"Shading Mode"},"sceneLighting":false,"audioPlay":false,"sceneViewState":{"showFog":false,"showMaterialUpdate":false,"showSkybox":false,"showFlares":false,"showImageEffects":false,"showParticleSystems":false},"in2DMode":false,"pivot":{"x":0.1645650863647461,"y":0.13408231735229493,"z":0.2568531036376953},"rotation":{"x":-0.05466844141483307,"y":0.7477928400039673,"z":-0.06095273792743683,"w":-0.6591262221336365},"size":27.084516525268556,"orthographic":false}