{"cameraMode":{"drawMode":0,"name":"Shaded","section":"Shading Mode"},"sceneLighting":false,"audioPlay":false,"sceneViewState":{"showFog":false,"showMaterialUpdate":false,"showSkybox":false,"showFlares":false,"showImageEffects":false,"showParticleSystems":false},"in2DMode":false,"pivot":{"x":0.8244496583938599,"y":2.8990650177001955,"z":2.91679048538208},"rotation":{"x":0.04530546814203262,"y":-0.9297112226486206,"z":0.11961794644594193,"w":0.34586426615715029},"size":10.958918571472168,"orthographic":false}