{"cameraMode":{"drawMode":0,"name":"Shaded","section":"Shading Mode"},"sceneLighting":false,"audioPlay":false,"sceneViewState":{"showFog":false,"showMaterialUpdate":false,"showSkybox":false,"showFlares":false,"showImageEffects":false,"showParticleSystems":false},"in2DMode":false,"pivot":{"x":-8.67570686340332,"y":13.305855751037598,"z":-7.922863006591797},"rotation":{"x":0.005754623096436262,"y":0.41048890352249148,"z":-0.0025876134168356659,"w":0.9118518829345703},"size":29.02802276611328,"orthographic":false}