{"cameraMode":{"drawMode":0,"name":"Shaded","section":"Shading Mode"},"sceneLighting":false,"audioPlay":false,"sceneViewState":{"showFog":false,"showMaterialUpdate":false,"showSkybox":false,"showFlares":false,"showImageEffects":false,"showParticleSystems":false},"in2DMode":false,"pivot":{"x":0.43280601501464846,"y":4.349854469299316,"z":2.2458720207214357},"rotation":{"x":-0.10157661885023117,"y":0.7071098685264587,"z":-0.10273341834545136,"w":-0.6924384236335754},"size":24.618196487426759,"orthographic":false}