{"cameraMode":{"drawMode":0,"name":"Shaded","section":"Shading Mode"},"sceneLighting":true,"audioPlay":false,"sceneViewState":{"showFog":false,"showMaterialUpdate":false,"showSkybox":false,"showFlares":false,"showImageEffects":false,"showParticleSystems":false},"in2DMode":false,"pivot":{"x":35.56121826171875,"y":114.75170135498047,"z":-10.673822402954102},"rotation":{"x":-0.1740705817937851,"y":-0.32190802693367007,"z":0.06092822179198265,"w":-0.9288336634635925},"size":15.920119285583496,"orthographic":false}