{"cameraMode":{"drawMode":0,"name":"Shaded","section":"Shading Mode"},"sceneLighting":false,"audioPlay":false,"sceneViewState":{"showFog":false,"showMaterialUpdate":false,"showSkybox":false,"showFlares":false,"showImageEffects":false,"showParticleSystems":false},"in2DMode":false,"pivot":{"x":0.11903095245361328,"y":1.760127067565918,"z":-0.32538604736328127},"rotation":{"x":-0.05466844141483307,"y":0.7477928400039673,"z":-0.06095273792743683,"w":-0.6591262221336365},"size":26.558879852294923,"orthographic":false}